Modelo;SKU;Estado Comercial;Equipo con Portabilidad;% Descuento;Bancos Asociados 24 cuotas sin interes de:;Equipo en Renovacion;% Descuento;Bancos Asociados 24 cuotas sin interes de:;Equipo con Nuevo Numero;% Descuento;Todos los bancos 12 cuotas sin interes de:;Prepago Exclusivo wom.cl;% Descuento;Todos los bancos 12 cuotas sin interes de:;Precio Normal
BMobile C42 4G Gray;001.002.2838;En Oferta;$40.800;-32%;$1.700;$40.800;-32%;$1.700;$40.800;-32%;$3.400;$52.800;-12%;$4.400;$59.990
BMobile C42 4G Blue;001.002.2932;En Oferta;$40.800;-32%;$1.700;$40.800;-32%;$1.700;$40.800;-32%;$3.400;$52.800;-12%;$4.400;$59.990
Motorola Moto G06 4G 128GB Azul;001.002.2913;En Oferta;$88.800;-32%;$3.700;$88.800;-32%;$3.700;$88.800;-32%;$7.400;$100.800;-22%;$8.400;$129.990
Motorola Moto G06 4G 128GB Verde;001.002.2914;En Oferta;$88.800;-32%;$3.700;$88.800;-32%;$3.700;$88.800;-32%;$7.400;$100.800;-22%;$8.400;$129.990
Redmi A5 4G 128GB Black;001.002.2788;En Oferta;$88.800;-37%;$3.700;$88.800;-37%;$3.700;$88.800;-37%;$7.400;$100.800;-28%;$8.400;$139.990
ZTE Blade A56 Pro 4G 128GB Grey;001.002.2822;En Oferta;$84.000;-44%;$3.500;$84.000;-44%;$3.500;$84.000;-44%;$7.000;$96.000;-36%;$8.000;$149.990
Honor X5c 4G 128GB Black;001.002.2912;En Oferta;$96.000;-36%;$4.000;$96.000;-36%;$4.000;$96.000;-36%;$8.000;$108.000;-28%;$9.000;$149.990
Redmi 15C 4G 128GB Black;001.002.2844;En Oferta;$108.000;-32%;$4.500;$108.000;-32%;$4.500;$108.000;-32%;$9.000;$120.000;-25%;$10.000;$159.990
Redmi 15C 4G 128GB Blue;001.002.2896;En Oferta;$108.000;-32%;$4.500;$108.000;-32%;$4.500;$108.000;-32%;$9.000;$120.000;-25%;$10.000;$159.990
Honor X5b Plus 4G 256GB Black;001.002.2735;En Oferta;$79.200;-56%;$3.300;$79.200;-56%;$3.300;$79.200;-56%;$6.600;$91.200;-49%;$7.600;$179.990
Honor X5b Plus 4G 256GB Blue;001.002.2736;En Oferta;$79.200;-56%;$3.300;$79.200;-56%;$3.300;$79.200;-56%;$6.600;$91.200;-49%;$7.600;$179.990
Motorola Moto G05 4G 64GB Verde;001.002.2754;En Oferta;$72.000;-60%;$3.000;$72.000;-60%;$3.000;$72.000;-60%;$6.000;$84.000;-53%;$7.000;$179.990
Motorola Moto G05 4G 64GB Rojo;001.002.2755;En Oferta;$72.000;-60%;$3.000;$72.000;-60%;$3.000;$72.000;-60%;$6.000;$84.000;-53%;$7.000;$179.990
Redmi 15C 4G 256GB Black;001.002.2828;End of Life;$120.000;-40%;$5.000;$120.000;-40%;$5.000;$120.000;-40%;$10.000;$139.200;-30%;$11.600;$199.990
Redmi 15C 4G 256GB Blue;001.002.2829;End of Life;$120.000;-40%;$5.000;$120.000;-40%;$5.000;$120.000;-40%;$10.000;$139.200;-30%;$11.600;$199.990
Redmi 14C 4G 256GB Starry Blue;001.002.2670;End of Life;$64.800;-68%;$2.700;$64.800;-68%;$2.700;$64.800;-68%;$5.400;$84.000;-58%;$7.000;$199.990
Redmi 14C 4G 256GB Midnight Black;001.002.2671;End of Life;$64.800;-68%;$2.700;$64.800;-68%;$2.700;$64.800;-68%;$5.400;$84.000;-58%;$7.000;$199.990
Honor X5c Plus 4G 256GB Silver;001.002.2902;En Oferta;$112.800;-44%;$4.700;$112.800;-44%;$4.700;$112.800;-44%;$9.400;$124.800;-38%;$10.400;$199.990
Infinix Hot 60i 5G 128GB Black;001.002.2900;En Oferta;$136.800;-32%;$5.700;$136.800;-32%;$5.700;$136.800;-32%;$11.400;$160.800;-20%;$13.400;$199.990
Infinix Hot 60i 5G 128GB Blue;001.002.2901;En Oferta;$136.800;-32%;$5.700;$136.800;-32%;$5.700;$136.800;-32%;$11.400;$160.800;-20%;$13.400;$199.990
Motorola Moto G15 4G 128GB Verde;001.002.2897;End of Life;$84.000;-58%;$3.500;$84.000;-58%;$3.500;$84.000;-58%;$7.000;$96.000;-52%;$8.000;$199.990
Motorola Moto G15 4G 128GB Gris;001.002.2898;End of Life;$84.000;-58%;$3.500;$84.000;-58%;$3.500;$84.000;-58%;$7.000;$96.000;-52%;$8.000;$199.990
Motorola Moto G15 4G 128GB Naranja;001.002.2899;End of Life;$84.000;-58%;$3.500;$84.000;-58%;$3.500;$84.000;-58%;$7.000;$96.000;-52%;$8.000;$199.990
Honor X5c Plus 4G 256GB Cyan;001.002.2903;En Oferta;$112.800;-44%;$4.700;$112.800;-44%;$4.700;$112.800;-44%;$9.400;$124.800;-38%;$10.400;$199.990
Redmi 15C 5G 256GB Black;001.002.2833;En Oferta;$144.000;-31%;$6.000;$144.000;-31%;$6.000;$144.000;-31%;$12.000;$168.000;-20%;$14.000;$209.990
Redmi 15C 5G 256GB Green;001.002.2834;En Oferta;$144.000;-31%;$6.000;$144.000;-31%;$6.000;$144.000;-31%;$12.000;$168.000;-20%;$14.000;$209.990
Honor X6b 5G 256GB Black;001.002.2737;En Oferta;$132.000;-43%;$5.500;$132.000;-43%;$5.500;$132.000;-43%;$11.000;$144.000;-37%;$12.000;$229.990
Motorola Moto G35 5G 128GB Negro;001.002.2756;End of Life;$112.800;-51%;$4.700;$112.800;-51%;$4.700;$112.800;-51%;$9.400;$129.600;-44%;$10.800;$229.990
Motorola Moto G35 5G 128GB Verde;001.002.2757;End of Life;$112.800;-51%;$4.700;$112.800;-51%;$4.700;$112.800;-51%;$9.400;$129.600;-44%;$10.800;$229.990
Motorola Moto G35 5G 128GB Naranja;001.002.2758;End of Life;$112.800;-51%;$4.700;$112.800;-51%;$4.700;$112.800;-51%;$9.400;$129.600;-44%;$10.800;$229.990
Motorola Moto G35 5G 128GB Gris;001.002.2759;End of Life;$112.800;-51%;$4.700;$112.800;-51%;$4.700;$112.800;-51%;$9.400;$129.600;-44%;$10.800;$229.990
Honor X6b 5G 256GB Green;001.002.2738;En Oferta;$132.000;-43%;$5.500;$132.000;-43%;$5.500;$132.000;-43%;$11.000;$144.000;-37%;$12.000;$229.990
Redmi 13C 5G 128GB Black;001.002.2739;En Oferta;$96.000;-52%;$4.000;$96.000;-52%;$4.000;$96.000;-52%;$8.000;$112.800;-44%;$9.400;$199.990
Redmi 13C 5G 128GB Blue;001.002.2760;En Oferta;$96.000;-52%;$4.000;$96.000;-52%;$4.000;$96.000;-52%;$8.000;$112.800;-44%;$9.400;$199.990
Samsung Galaxy A17 5G 128GB Black;001.002.2845;En Oferta;$158.400;-31%;$6.600;$158.400;-31%;$6.600;$158.400;-31%;$13.200;$182.400;-21%;$15.200;$229.990
Samsung Galaxy A16 5G 128GB Black;001.002.2836;End of Life;$132.000;-43%;$5.500;$132.000;-43%;$5.500;$132.000;-43%;$11.000;$144.000;-37%;$12.000;$229.990
Motorola Moto G35 5G 256GB Negro;001.002.2906;En Oferta;$124.800;-50%;$5.200;$124.800;-50%;$5.200;$124.800;-50%;$10.400;$136.800;-45%;$11.400;$249.990
Motorola Moto G35 5G 256GB Verde;001.002.2907;En Oferta;$124.800;-50%;$5.200;$124.800;-50%;$5.200;$124.800;-50%;$10.400;$136.800;-45%;$11.400;$249.990
Redmi 15 5G 256 GB Black;001.002.2842;En Oferta;$177.600;-37%;$7.400;$177.600;-37%;$7.400;$177.600;-37%;$14.800;$201.600;-28%;$16.800;$279.990
Redmi 15 5G 256 GB Gray;001.002.2843;En Oferta;$177.600;-37%;$7.400;$177.600;-37%;$7.400;$177.600;-37%;$14.800;$201.600;-28%;$16.800;$279.990
Motorola Moto G56 5G 256GB Azul;001.002.2823;En Oferta;$184.800;-38%;$7.700;$184.800;-38%;$7.700;$184.800;-38%;$15.400;$208.800;-30%;$17.400;$299.990
Motorola Moto G55 5G 256GB Black;001.002.2740;End of Life;$132.000;-56%;$5.500;$132.000;-56%;$5.500;$132.000;-56%;$11.000;$144.000;-52%;$12.000;$299.990
Motorola Moto G55 5G 256GB Verde;001.002.2741;End of Life;$132.000;-56%;$5.500;$132.000;-56%;$5.500;$132.000;-56%;$11.000;$144.000;-52%;$12.000;$299.990
Motorola Moto G55 5G 256GB Rosa;001.002.2742;End of Life;$132.000;-56%;$5.500;$132.000;-56%;$5.500;$132.000;-56%;$11.000;$144.000;-52%;$12.000;$299.990
Motorola Moto G56 5G 256GB Verde;001.002.2824;En Oferta;$184.800;-38%;$7.700;$184.800;-38%;$7.700;$184.800;-38%;$15.400;$208.800;-30%;$17.400;$299.990
Samsung Galaxy A26 5G 128GB Black;001.002.2790;En Oferta;$194.400;-35%;$8.100;$194.400;-35%;$8.100;$194.400;-35%;$16.200;$218.400;-27%;$18.200;$299.990
ZTE Nubia Neo 3 5G 256GB Black Bundle ;001.002.2821;En Oferta;$156.000;-53%;$6.500;$156.000;-53%;$6.500;$156.000;-53%;$13.000;$180.000;-45%;$15.000;$329.990
Motorola Edge 50 Fusion 5G 256GB Blue;001.002.2622;End of Life;$196.800;-40%;$8.200;$196.800;-40%;$8.200;$196.800;-40%;$16.400;$220.800;-33%;$18.400;$329.990
Motorola Edge 50 Fusion 5G 256GB Pink;001.002.2623;End of Life;$196.800;-40%;$8.200;$196.800;-40%;$8.200;$196.800;-40%;$16.400;$220.800;-33%;$18.400;$329.990
Motorola Edge 50 Fusion 5G 256GB Tidal Teal;001.002.2624;End of Life;$196.800;-40%;$8.200;$196.800;-40%;$8.200;$196.800;-40%;$16.400;$220.800;-33%;$18.400;$329.990
Motorola Moto G85 5G 256GB Gris;001.002.2663;End of Life;$170.000;-50%;$7.083;$170.000;-50%;$7.083;$170.000;-50%;$14.167;$194.000;-43%;$16.167;$339.990
Motorola Moto G85 5G 256GB Azul;001.002.2664;End of Life;$170.000;-50%;$7.083;$170.000;-50%;$7.083;$170.000;-50%;$14.167;$194.000;-43%;$16.167;$339.990
Motorola Moto G85 5G 256GB Verde Lima;001.002.2665;End of Life;$170.000;-50%;$7.083;$170.000;-50%;$7.083;$170.000;-50%;$14.167;$194.000;-43%;$16.167;$339.990
Redmi Note 15 5G 256GB Bundle Black;001.002.2917;En Oferta;$240.000;-31%;$10.000;$240.000;-31%;$10.000;$240.000;-31%;$20.000;$276.000;-21%;$23.000;$349.990
Redmi Note 15 5G 256GB Bundle Blue;001.002.2918;En Oferta;$240.000;-31%;$10.000;$240.000;-31%;$10.000;$240.000;-31%;$20.000;$276.000;-21%;$23.000;$349.990
Redmi Note 15 5G 256GB Black;001.002.2923;En Oferta;$240.000;-31%;$10.000;$240.000;-31%;$10.000;$240.000;-31%;$20.000;$276.000;-21%;$23.000;$349.990
Redmi Note 15 5G 256GB Blue;001.002.2924;En Oferta;$240.000;-31%;$10.000;$240.000;-31%;$10.000;$240.000;-31%;$20.000;$276.000;-21%;$23.000;$349.990
Redmi Note 14 5G 256GB Black;001.002.2748;En Oferta;$220.800;-37%;$9.200;$220.800;-37%;$9.200;$220.800;-37%;$18.400;$268.800;-23%;$22.400;$349.990
Honor X9c Smart 5G 256GB Cyan;001.002.2744;End of Life;$180.000;-40%;$7.500;$180.000;-40%;$7.500;$180.000;-40%;$15.000;$208.800;-30%;$17.400;$299.990
Honor 200 Lite 5G 256GB Black;001.002.2661;End of Life;$220.800;-37%;$9.200;$220.800;-37%;$9.200;$220.800;-37%;$18.400;$268.800;-23%;$22.400;$349.990
Honor 200 Lite 5G 256GB Blue;001.002.2765;End of Life;$220.800;-37%;$9.200;$220.800;-37%;$9.200;$220.800;-37%;$18.400;$268.800;-23%;$22.400;$349.990
Redmi Note 14 5G 256GB Green;001.002.2749;En Oferta;$220.800;-37%;$9.200;$220.800;-37%;$9.200;$220.800;-37%;$18.400;$268.800;-23%;$22.400;$349.990
Motorola Moto G86 Power 5G 256GB Azul;001.002.2825;En Oferta;$220.800;-37%;$9.200;$220.800;-37%;$9.200;$220.800;-37%;$18.400;$244.800;-30%;$20.400;$349.990
Infinix Note 40 5G 256GB Negro;001.002.2766;End of Life;$168.000;-52%;$7.000;$168.000;-52%;$7.000;$168.000;-52%;$14.000;$184.800;-47%;$15.400;$349.990
Motorola Moto G86 Power 5G 256GB Cereza;001.002.2826;En Oferta;$220.800;-37%;$9.200;$220.800;-37%;$9.200;$220.800;-37%;$18.400;$244.800;-30%;$20.400;$349.990
Motorola Moto G86 Power 5G 256GB Lila;001.002.2827;En Oferta;$220.800;-37%;$9.200;$220.800;-37%;$9.200;$220.800;-37%;$18.400;$244.800;-30%;$20.400;$349.990
Honor 400 Smart 5G 256GB Gold;001.002.2819;En Oferta;$213.600;-39%;$8.900;$213.600;-39%;$8.900;$213.600;-39%;$17.800;$237.600;-32%;$19.800;$349.990
Honor 400 Smart 5G 256GB Silver;001.002.2820;En Oferta;$213.600;-39%;$8.900;$213.600;-39%;$8.900;$213.600;-39%;$17.800;$237.600;-32%;$19.800;$349.990
Infinix Note 50X 5G 256GB Grey;001.002.2802;En Oferta;$199.200;-43%;$8.300;$199.200;-43%;$8.300;$199.200;-43%;$16.600;$223.200;-36%;$18.600;$349.990
Infinix Note 50X 5G 256GB Purple;001.002.2803;En Oferta;$199.200;-43%;$8.300;$199.200;-43%;$8.300;$199.200;-43%;$16.600;$223.200;-36%;$18.600;$349.990
Honor 400 Lite 5G 256GB Black;001.002.2779;En Oferta;$240.000;-40%;$10.000;$240.000;-40%;$10.000;$240.000;-40%;$20.000;$276.000;-31%;$23.000;$399.990
Honor 400 Lite 5G 256GB Silver;001.002.2780;En Oferta;$240.000;-40%;$10.000;$240.000;-40%;$10.000;$240.000;-40%;$20.000;$276.000;-31%;$23.000;$399.990
Honor 400 Lite 5G 256GB Black Bundle;001.002.2804;En Oferta;$240.000;-40%;$10.000;$240.000;-40%;$10.000;$240.000;-40%;$20.000;$276.000;-31%;$23.000;$399.990
Honor 400 Lite 5G 256GB Silver Bundle;001.002.2839;En Oferta;$240.000;-40%;$10.000;$240.000;-40%;$10.000;$240.000;-40%;$20.000;$276.000;-31%;$23.000;$399.990
Motorola Edge 60 Fusion 5G 256GB Azul;001.002.2815;En Oferta;$249.600;-50%;$10.400;$249.600;-50%;$10.400;$249.600;-50%;$20.800;$285.600;-43%;$23.800;$499.990
Motorola Edge 60 Fusion 5G 256GB Rosa;001.002.2816;En Oferta;$249.600;-50%;$10.400;$249.600;-50%;$10.400;$249.600;-50%;$20.800;$285.600;-43%;$23.800;$499.990
Motorola Edge 60 Fusion 5G 256GB Celeste;001.002.2817;En Oferta;$249.600;-50%;$10.400;$249.600;-50%;$10.400;$249.600;-50%;$20.800;$285.600;-43%;$23.800;$499.990
Motorola Edge 60 Fusion 5G 256GB Verde;001.002.2818;En Oferta;$249.600;-50%;$10.400;$249.600;-50%;$10.400;$249.600;-50%;$20.800;$285.600;-43%;$23.800;$499.990
Samsung Galaxy A36 5G 128GB Black;001.002.2791;En Oferta;$264.000;-34%;$11.000;$264.000;-34%;$11.000;$264.000;-34%;$22.000;$300.000;-25%;$25.000;$399.990
Samsung Galaxy A36 5G 128GB White;001.002.2808;En Oferta;$264.000;-34%;$11.000;$264.000;-34%;$11.000;$264.000;-34%;$22.000;$300.000;-25%;$25.000;$399.990
Samsung Galaxy A36 5G 128GB Green;001.002.2837;En Oferta;$264.000;-34%;$11.000;$264.000;-34%;$11.000;$264.000;-34%;$22.000;$300.000;-25%;$25.000;$399.990
Redmi Note 14 Pro 5G 256GB Black;001.002.2750;En Oferta;$288.000;-33%;$12.000;$288.000;-33%;$12.000;$288.000;-33%;$24.000;$366.000;-15%;$30.500;$429.990
Redmi Note 14 Pro 5G 256GB Green;001.002.2751;En Oferta;$288.000;-33%;$12.000;$288.000;-33%;$12.000;$288.000;-33%;$24.000;$366.000;-15%;$30.500;$429.990
Redmi Note 15 Pro 5G 512GB Bundle Black;001.002.2919;En Oferta;$312.000;-31%;$13.000;$312.000;-31%;$13.000;$312.000;-31%;$26.000;$348.000;-23%;$29.000;$449.990
Redmi Note 15 Pro 5G 512GB Bundle Silver;001.002.2920;En Oferta;$312.000;-31%;$13.000;$312.000;-31%;$13.000;$312.000;-31%;$26.000;$348.000;-23%;$29.000;$449.990
Redmi Note 15 Pro 5G 512GB Black;001.002.2925;En Oferta;$312.000;-31%;$13.000;$312.000;-31%;$13.000;$312.000;-31%;$26.000;$348.000;-23%;$29.000;$449.990
Redmi Note 15 Pro 5G 512GB Silver;001.002.2926;En Oferta;$312.000;-31%;$13.000;$312.000;-31%;$13.000;$312.000;-31%;$26.000;$348.000;-23%;$29.000;$449.990
Honor Magic 7 Lite 5G 512GB Purple;001.002.2745;En Oferta;$316.800;-30%;$13.200;$316.800;-30%;$13.200;$360.000;-20%;$30.000;$360.000;-20%;$30.000;$449.990
Honor Magic 7 Lite 5G 512GB Black;001.002.2746;En Oferta;$316.800;-30%;$13.200;$316.800;-30%;$13.200;$360.000;-20%;$30.000;$360.000;-20%;$30.000;$449.990
Honor Magic 8 Lite 5G 512GB Bundle Black;001.002.2910;En Oferta;$388.800;-17%;$16.200;$388.800;-17%;$16.200;$388.800;-17%;$32.400;$508.800;8%;$42.400;$469.990
Honor Magic 8 Lite 5G 512GB Bundle Green;001.002.2911;En Oferta;$388.800;-17%;$16.200;$388.800;-17%;$16.200;$388.800;-17%;$32.400;$508.800;8%;$42.400;$469.990
Honor Magic 8 Lite 5G 512GB Black;001.002.2930;En Oferta;$388.800;-17%;$16.200;$388.800;-17%;$16.200;$388.800;-17%;$32.400;$508.800;8%;$42.400;$469.990
Honor Magic 8 Lite 5G 512GB Green;001.002.2931;En Oferta;$388.800;-17%;$16.200;$388.800;-17%;$16.200;$388.800;-17%;$32.400;$508.800;8%;$42.400;$469.990
Motorola Edge 50 5G 256GB Gris;001.002.2732;End of Life;$199.200;-60%;$8.300;$199.200;-60%;$8.300;$199.200;-60%;$16.600;$276.000;-45%;$23.000;$499.990
Motorola Edge 50 5G 256GB Verde;001.002.2733;End of Life;$199.200;-60%;$8.300;$199.200;-60%;$8.300;$199.200;-60%;$16.600;$276.000;-45%;$23.000;$499.990
Motorola Edge 50 5G 256GB Naranja;001.002.2734;End of Life;$199.200;-60%;$8.300;$199.200;-60%;$8.300;$199.200;-60%;$16.600;$276.000;-45%;$23.000;$499.990
Redmi Note 14 Pro Plus 5G 256GB Black;001.002.2752;En Oferta;$350.400;-34%;$14.600;$350.400;-34%;$14.600;$350.400;-34%;$29.200;$385.200;-27%;$32.100;$529.990
Redmi Note 14 Pro Plus 5G 256GB Blue;001.002.2753;En Oferta;$350.400;-34%;$14.600;$350.400;-34%;$14.600;$350.400;-34%;$29.200;$385.200;-27%;$32.100;$529.990
Honor 400 5G 512GB Black;001.002.2811;En Oferta;$472.800;-14%;$19.700;$472.800;-14%;$19.700;$520.800;-5%;$43.400;$520.800;-5%;$43.400;$549.990
Honor 400 5G 512GB Gold;001.002.2812;En Oferta;$472.800;-14%;$19.700;$472.800;-14%;$19.700;$520.800;-5%;$43.400;$520.800;-5%;$43.400;$549.990
Honor 400 5G 512GB Black Bundle;001.002.2813;En Oferta;$472.800;-14%;$19.700;$472.800;-14%;$19.700;$520.800;-5%;$43.400;$520.800;-5%;$43.400;$549.990
Honor 400 5G 512GB Gold Bundle;001.002.2814;En Oferta;$472.800;-14%;$19.700;$472.800;-14%;$19.700;$520.800;-5%;$43.400;$520.800;-5%;$43.400;$549.990
Samsung Galaxy A56 5G 256GB Black;001.002.2794;En Oferta;$324.000;-41%;$13.500;$324.000;-41%;$13.500;$324.000;-41%;$27.000;$360.000;-35%;$30.000;$549.990
Samsung Galaxy A56 5G 256GB Green;001.002.2894;En Oferta;$324.000;-41%;$13.500;$324.000;-41%;$13.500;$324.000;-41%;$27.000;$360.000;-35%;$30.000;$549.990
Redmi Note 15 Pro Plus 5G 512GB BD Black;001.002.2921;En Oferta;$429.600;-22%;$17.900;$429.600;-22%;$17.900;$429.600;-22%;$35.800;$549.600;0%;$45.800;$549.990
Redmi Note 15 Pro Plus 5G 512GB BD Bronce;001.002.2922;En Oferta;$429.600;-22%;$17.900;$429.600;-22%;$17.900;$429.600;-22%;$35.800;$549.600;0%;$45.800;$549.990
Redmi Note 15 Pro Plus 5G 512GB Black;001.002.2927;En Oferta;$429.600;-22%;$17.900;$429.600;-22%;$17.900;$429.600;-22%;$35.800;$549.600;0%;$45.800;$549.990
Redmi Note 15 Pro Plus 5G 512GB Bronce;001.002.2928;En Oferta;$429.600;-22%;$17.900;$429.600;-22%;$17.900;$429.600;-22%;$35.800;$549.600;0%;$45.800;$549.990
Xiaomi 14T 5G 512GB Gray;001.002.2666;End of Life;$320.000;-47%;$13.333;$320.000;-47%;$13.333;$356.000;-41%;$29.667;$356.000;-41%;$29.667;$599.990
Xiaomi 14T 5G 512GB Black;001.002.2667;End of Life;$320.000;-47%;$13.333;$320.000;-47%;$13.333;$356.000;-41%;$29.667;$356.000;-41%;$29.667;$599.990
Xiaomi 14T 5G 512GB Green;001.002.2668;End of Life;$320.000;-47%;$13.333;$320.000;-47%;$13.333;$356.000;-41%;$29.667;$356.000;-41%;$29.667;$599.990
Honor 200 5G 512GB Green;001.002.2662;End of Life;$384.000;-36%;$16.000;$384.000;-36%;$16.000;$384.000;-36%;$32.000;$456.000;-24%;$38.000;$599.990
Xiaomi 15T 5G 512GB Black;001.002.2830;En Oferta;$487.200;-23%;$20.300;$487.200;-23%;$20.300;$607.200;-4%;$50.600;$607.200;-4%;$50.600;$629.990
Xiaomi 15T 5G 512GB Silver;001.002.2831;En Oferta;$487.200;-23%;$20.300;$487.200;-23%;$20.300;$607.200;-4%;$50.600;$607.200;-4%;$50.600;$629.990
Xiaomi 15T 5G 512GB Rose;001.002.2840;En Oferta;$487.200;-23%;$20.300;$487.200;-23%;$20.300;$607.200;-4%;$50.600;$607.200;-4%;$50.600;$629.990
Apple iPhone 16e 5G 128GB Negro;001.002.2767;En Oferta;$556.800;-20%;$23.200;$556.800;-20%;$23.200;$556.800;-20%;$46.400;$676.800;-3%;$56.400;$699.990
Apple iPhone 16e 5G 128GB Blanco;001.002.2768;En Oferta;$556.800;-20%;$23.200;$556.800;-20%;$23.200;$556.800;-20%;$46.400;$676.800;-3%;$56.400;$699.990
Apple iPhone12 128GB Purple;001.002.1955;End of Life;$480.000;-40%;$20.000;$480.000;-40%;$20.000;$480.000;-40%;$40.000;$504.000;-37%;$42.000;$799.990
Samsung Galaxy S25 FE 5G 128GB Navy;001.002.2848;En Oferta;$528.000;-34%;$22.000;$528.000;-34%;$22.000;$528.000;-34%;$44.000;$648.000;-19%;$54.000;$799.990
Motorola Edge 60 Pro 5G 512GB Gris;001.002.2915;En Oferta;$357.600;-55%;$14.900;$357.600;-55%;$14.900;$357.600;-55%;$29.800;$477.600;-40%;$39.800;$799.990
Motorola Edge 60 Pro 5G 512GB Azul;001.002.2916;En Oferta;$357.600;-55%;$14.900;$357.600;-55%;$14.900;$357.600;-55%;$29.800;$477.600;-40%;$39.800;$799.990
Xiaomi 15T Pro 5G 512GB Black;001.002.2832;En Oferta;$648.000;-24%;$27.000;$648.000;-24%;$27.000;$768.000;-10%;$64.000;$768.000;-10%;$64.000;$849.990
Xiaomi 15T Pro 5G 512GB Mocha;001.002.2841;En Oferta;$648.000;-24%;$27.000;$648.000;-24%;$27.000;$768.000;-10%;$64.000;$768.000;-10%;$64.000;$849.990
Apple iPhone 16 5G 128GB Black;001.002.2672;En Oferta;$796.800;-16%;$33.200;$796.800;-16%;$33.200;$796.800;-16%;$66.400;$916.800;-3%;$76.400;$949.990
Apple iPhone 16 5G 128GB White;001.002.2673;En Oferta;$796.800;-16%;$33.200;$796.800;-16%;$33.200;$796.800;-16%;$66.400;$916.800;-3%;$76.400;$949.990
Apple iPhone 16 5G 128GB Pink;001.002.2674;En Oferta;$796.800;-16%;$33.200;$796.800;-16%;$33.200;$796.800;-16%;$66.400;$916.800;-3%;$76.400;$949.990
Apple iPhone 16 5G 128GB Ultramarine;001.002.2675;En Oferta;$796.800;-16%;$33.200;$796.800;-16%;$33.200;$796.800;-16%;$66.400;$916.800;-3%;$76.400;$949.990
Apple iPhone 16 5G 128GB Teal;001.002.2676;En Oferta;$796.800;-16%;$33.200;$796.800;-16%;$33.200;$796.800;-16%;$66.400;$916.800;-3%;$76.400;$949.990
Samsung Galaxy S25 5G 128GB Navy Blue;001.002.2776;En Oferta;$696.000;-27%;$29.000;$696.000;-27%;$29.000;$696.000;-27%;$58.000;$816.000;-14%;$68.000;$949.990
Samsung Galaxy S25 5G 128GB Icy Blue;001.002.2796;En Oferta;$696.000;-27%;$29.000;$696.000;-27%;$29.000;$696.000;-27%;$58.000;$816.000;-14%;$68.000;$949.990
Samsung Galaxy S25 5G 128GB Silver Shadow;001.002.2810;En Oferta;$696.000;-27%;$29.000;$696.000;-27%;$29.000;$696.000;-27%;$58.000;$816.000;-14%;$68.000;$949.990
Apple iPhone 15 5G 128GB Negro;001.002.2486;En Oferta;$672.000;-33%;$28.000;$672.000;-33%;$28.000;$672.000;-33%;$56.000;$792.000;-21%;$66.000;$999.990
Apple iPhone 15 5G 128GB Rosa;001.002.2487;En Oferta;$672.000;-33%;$28.000;$672.000;-33%;$28.000;$672.000;-33%;$56.000;$792.000;-21%;$66.000;$999.990
Apple iPhone 15 5G 128GB Amarillo;001.002.2488;En Oferta;$672.000;-33%;$28.000;$672.000;-33%;$28.000;$672.000;-33%;$56.000;$792.000;-21%;$66.000;$999.990
Apple iPhone 15 5G 128GB Azul;001.002.2489;En Oferta;$672.000;-33%;$28.000;$672.000;-33%;$28.000;$672.000;-33%;$56.000;$792.000;-21%;$66.000;$999.990
Apple iPhone 15 5G 128GB Verde;001.002.2490;En Oferta;$672.000;-33%;$28.000;$672.000;-33%;$28.000;$672.000;-33%;$56.000;$792.000;-21%;$66.000;$999.990
Xiaomi 15 5G 512GB Black;001.002.2773;En Oferta;$600.000;-40%;$25.000;$600.000;-40%;$25.000;$600.000;-40%;$50.000;$624.000;-38%;$52.000;$999.990
Apple iPhone 17 5G 256GB Black;001.002.2850;En Oferta;$897.600;-10%;$37.400;$897.600;-10%;$37.400;$897.600;-10%;$74.800;$1.017.600;2%;$84.800;$999.990
Apple iPhone 17 5G 256GB White;001.002.2851;En Oferta;$897.600;-10%;$37.400;$897.600;-10%;$37.400;$897.600;-10%;$74.800;$1.017.600;2%;$84.800;$999.990
Apple iPhone 17 5G 256GB Mist Blue;001.002.2852;En Oferta;$897.600;-10%;$37.400;$897.600;-10%;$37.400;$897.600;-10%;$74.800;$1.017.600;2%;$84.800;$999.990
Apple iPhone 17 5G 256GB Lavender;001.002.2853;En Oferta;$897.600;-10%;$37.400;$897.600;-10%;$37.400;$897.600;-10%;$74.800;$1.017.600;2%;$84.800;$999.990
Apple iPhone 17 5G 256GB Sage;001.002.2854;En Oferta;$897.600;-10%;$37.400;$897.600;-10%;$37.400;$897.600;-10%;$74.800;$1.017.600;2%;$84.800;$999.990
Samsung Galaxy S25 5G 256GB Navy Blue;001.002.2797;En Oferta;$808.800;-24%;$33.700;$808.800;-24%;$33.700;$808.800;-24%;$67.400;$928.800;-13%;$77.400;$1.069.990
Samsung Galaxy Z Flip7 FE 5G 128GB Black;001.002.2846;En Oferta;$544.800;-50%;$22.700;$544.800;-50%;$22.700;$544.800;-50%;$45.400;$664.800;-40%;$55.400;$1.099.990
Honor Magic 7 Pro 5G 512GB Gray;001.002.2747;End of Life;$878.400;-37%;$36.600;$878.400;-37%;$36.600;$878.400;-37%;$73.200;$950.400;-32%;$79.200;$1.399.990
Xiaomi 15 Ultra 5G 512GB Black;001.002.2774;En Oferta;$1.099.200;-21%;$45.800;$1.099.200;-21%;$45.800;$1.099.200;-21%;$91.600;$1.123.200;-20%;$93.600;$1.399.990
Xiaomi 15 Ultra 5G 512GB Silver Chrome;001.002.2775;En Oferta;$1.099.200;-21%;$45.800;$1.099.200;-21%;$45.800;$1.099.200;-21%;$91.600;$1.123.200;-20%;$93.600;$1.399.990
Apple iPhone 17 Pro 5G 256GB Silver;001.002.2860;En Oferta;$1.380.000;-3%;$57.500;$1.380.000;-3%;$57.500;$1.380.000;-3%;$115.000;$1.500.000;5%;$125.000;$1.429.990
Apple iPhone 17 Pro 5G 256GB Cosmic Orange;001.002.2861;En Oferta;$1.380.000;-3%;$57.500;$1.380.000;-3%;$57.500;$1.380.000;-3%;$115.000;$1.500.000;5%;$125.000;$1.429.990
Apple iPhone 17 Pro 5G 256GB Deep Blue;001.002.2862;En Oferta;$1.380.000;-3%;$57.500;$1.380.000;-3%;$57.500;$1.380.000;-3%;$115.000;$1.500.000;5%;$125.000;$1.429.990
Apple iPhone 17 Pro Max 5G 256GB Silver;001.002.2869;En Oferta;$1.492.800;-4%;$62.200;$1.492.800;-4%;$62.200;$1.492.800;-4%;$124.400;$1.612.800;4%;$134.400;$1.549.990
Apple iPhone 17 Pro Max 5G 256GB Orange;001.002.2870;En Oferta;$1.492.800;-4%;$62.200;$1.492.800;-4%;$62.200;$1.492.800;-4%;$124.400;$1.612.800;4%;$134.400;$1.549.990
Apple iPhone 17 Pro Max 5G 256GB Deep Blue;001.002.2871;En Oferta;$1.492.800;-4%;$62.200;$1.492.800;-4%;$62.200;$1.492.800;-4%;$124.400;$1.612.800;4%;$134.400;$1.549.990
Apple iPhone 17 Pro 5G 512GB Silver;001.002.2863;En Oferta;$1.380.000;-18%;$57.500;$1.380.000;-18%;$57.500;$1.380.000;-18%;$115.000;$1.500.000;-11%;$125.000;$1.689.990
Apple iPhone 17 Pro 5G 512GB Cosmic Orange;001.002.2864;En Oferta;$1.380.000;-18%;$57.500;$1.380.000;-18%;$57.500;$1.380.000;-18%;$115.000;$1.500.000;-11%;$125.000;$1.689.990
Apple iPhone 17 Pro 5G 512GB Deep Blue;001.002.2865;En Oferta;$1.380.000;-18%;$57.500;$1.380.000;-18%;$57.500;$1.380.000;-18%;$115.000;$1.500.000;-11%;$125.000;$1.689.990
Samsung Galaxy S25 Ultra 5G 512GB Black;001.002.2799;En Oferta;$1.200.000;-29%;$50.000;$1.200.000;-29%;$50.000;$1.200.000;-29%;$100.000;$1.320.000;-22%;$110.000;$1.699.990
Samsung Galaxy S25 Ultra 5G 512GB Gray;001.002.2800;En Oferta;$1.200.000;-29%;$50.000;$1.200.000;-29%;$50.000;$1.200.000;-29%;$100.000;$1.320.000;-22%;$110.000;$1.699.990
Apple iPhone 17 Pro Max 5G 512GB Silver;001.002.2872;En Oferta;$1.744.800;-4%;$72.700;$1.744.800;-4%;$72.700;$1.744.800;-4%;$145.400;$1.864.800;3%;$155.400;$1.809.990
Apple iPhone 17 Pro Max 5G 512GB Orange;001.002.2873;En Oferta;$1.744.800;-4%;$72.700;$1.744.800;-4%;$72.700;$1.744.800;-4%;$145.400;$1.864.800;3%;$155.400;$1.809.990
Apple iPhone 17 Pro Max 5G 512GB Deep Blue;001.002.2874;En Oferta;$1.744.800;-4%;$72.700;$1.744.800;-4%;$72.700;$1.744.800;-4%;$145.400;$1.864.800;3%;$155.400;$1.809.990
Apple iPhone 17 Pro Max 5G 1TB Silver;001.002.2875;En Oferta;$1.994.400;-4%;$83.100;$1.994.400;-4%;$83.100;$1.994.400;-4%;$166.200;$2.018.400;-2%;$168.200;$2.069.990
Apple iPhone 17 Pro Max 5G 1TB Orange;001.002.2876;En Oferta;$1.994.400;-4%;$83.100;$1.994.400;-4%;$83.100;$1.994.400;-4%;$166.200;$2.018.400;-2%;$168.200;$2.069.990
Apple iPhone 17 Pro Max 5G 1TB Deep Blue;001.002.2877;En Oferta;$1.994.400;-4%;$83.100;$1.994.400;-4%;$83.100;$1.994.400;-4%;$166.200;$2.018.400;-2%;$168.200;$2.069.990
Samsung Galaxy Z Flip7 5G 256GB Jetblack;001.002.2847;En Oferta;$760.800;-46%;$31.700;$760.800;-46%;$31.700;$760.800;-46%;$63.400;$880.800;-37%;$73.400;$1.399.990
Apple iPhone 17e 5G 256GB Black;001.002.2942;En Oferta;$686.400;-2%;$28.600;$686.400;-2%;$28.600;$686.400;-2%;$57.200;$806.400;15%;$67.200;$699.990
Apple iPhone 17e 5G 256GB White;001.002.2943;En Oferta;$686.400;-2%;$28.600;$686.400;-2%;$28.600;$686.400;-2%;$57.200;$806.400;15%;$67.200;$699.990
Apple iPhone 17e 5G 256GB Soft Pink;001.002.2944;En Oferta;$686.400;-2%;$28.600;$686.400;-2%;$28.600;$686.400;-2%;$57.200;$806.400;15%;$67.200;$699.990
Tecno Pova 6 5G 256GB White;001.002.2939;En Oferta;$124.800;-50%;$5.200;$124.800;-50%;$5.200;$124.800;-50%;$10.400;$136.800;-45%;$11.400;$249.990
Honor X6d 5G 256GB Black;001.002.2940;En Oferta;$158.400;-31%;$6.600;$158.400;-31%;$6.600;$158.400;-31%;$13.200;$182.400;-21%;$15.200;$229.990
Honor X6d 5G 256GB Cyan;001.002.2941;En Oferta;$158.400;-31%;$6.600;$158.400;-31%;$6.600;$158.400;-31%;$13.200;$182.400;-21%;$15.200;$229.990
Redmi 15 5G 256GB Gray S/C;001.002.2937;En Oferta;$177.600;-37%;$7.400;$177.600;-37%;$7.400;$177.600;-37%;$14.800;$201.600;-28%;$16.800;$279.990
Redmi 15 5G 256GB Black S/C;001.002.2938;En Oferta;$177.600;-37%;$7.400;$177.600;-37%;$7.400;$177.600;-37%;$14.800;$201.600;-28%;$16.800;$279.990
Xiaomi 17 Ultra 5G 512GB Black;001.002.2933;En Oferta;$1.320.000;-17%;$55.000;$1.320.000;-17%;$55.000;$1.320.000;-17%;$110.000;$1.440.000;-10%;$120.000;$1.599.990
Xiaomi 17 Ultra 5G 512GB Green;001.002.2934;En Oferta;$1.320.000;-17%;$55.000;$1.320.000;-17%;$55.000;$1.320.000;-17%;$110.000;$1.440.000;-10%;$120.000;$1.599.990
Xiaomi 17 5G 512GB Black;001.002.2935;En Oferta;$948.000;-21%;$39.500;$948.000;-21%;$39.500;$948.000;-21%;$79.000;$1.068.000;-11%;$89.000;$1.199.990
Xiaomi 17 5G 512GB Green;001.002.2936;En Oferta;$948.000;-21%;$39.500;$948.000;-21%;$39.500;$948.000;-21%;$79.000;$1.068.000;-11%;$89.000;$1.199.990
Infinix Note 50s 5G 256GB Red;001.002.2950;En Oferta;$268.800;-19%;$11.200;$268.800;-19%;$11.200;$268.800;-19%;$22.400;$304.800;-8%;$25.400;$329.990
Infinix Note 50s 5G 256GB Grey;001.002.2951;En Oferta;$268.800;-19%;$11.200;$268.800;-19%;$11.200;$268.800;-19%;$22.400;$304.800;-8%;$25.400;$329.990
Samsung Galaxy A07 4G 128GB Black;001.002.2952;En Oferta;$98.400;-32%;$4.100;$98.400;-32%;$4.100;$98.400;-32%;$8.200;$110.400;-24%;$9.200;$144.990
Samsung Galaxy A07 5G 128GB Black;001.002.2953;En Oferta;$153.600;-27%;$6.400;$153.600;-27%;$6.400;$153.600;-27%;$12.800;$177.600;-15%;$14.800;$209.990
Samsung Galaxy A37 5G 128GB Dark Green;001.002.2954;En Oferta;$355.200;-29%;$14.800;$355.200;-29%;$14.800;$355.200;-29%;$29.600;$475.200;-5%;$39.600;$499.990
Samsung Galaxy A37 5G 256GB Dark Green;001.002.2955;En Oferta;$429.600;-25%;$17.900;$429.600;-25%;$17.900;$429.600;-25%;$35.800;$549.600;-4%;$45.800;$569.990
Samsung Galaxy A57 5G 128GB Gray;001.002.2956;En Oferta;$432.000;-28%;$18.000;$432.000;-28%;$18.000;$432.000;-28%;$36.000;$552.000;-8%;$46.000;$599.990
Samsung Galaxy S26 Ultra 5G 256GB Black;001.002.2957;En Oferta;$1.173.600;-24%;$48.900;$1.173.600;-24%;$48.900;$1.173.600;-24%;$97.800;$1.293.600;-17%;$107.800;$1.549.990
Samsung Galaxy S26 5G 256GB Sky Blue;001.002.2958;En Oferta;$796.800;-28%;$33.200;$796.800;-28%;$33.200;$796.800;-28%;$66.400;$916.800;-17%;$76.400;$1.109.990
Samsung Galaxy A57 5G 256GB Gray;001.002.2959;En Oferta;$477.600;-28%;$19.900;$477.600;-28%;$19.900;$477.600;-28%;$39.800;$597.600;-9%;$49.800;$659.990
Samsung Galaxy S26 5G 512GB Violet;001.002.2960;En Oferta;$1.058.400;-20%;$44.100;$1.058.400;-20%;$44.100;$1.058.400;-20%;$88.200;$1.178.400;-11%;$98.200;$1.329.990
Samsung Galaxy S26 Ultra 5G 512GB Black;001.002.2961;En Oferta;$1.396.800;-22%;$58.200;$1.396.800;-22%;$58.200;$1.396.800;-22%;$116.400;$1.516.800;-16%;$126.400;$1.799.990
Samsung Galaxy S26 Plus 5G 256GB Violet;001.002.2962;En Oferta;$1.046.400;-22%;$43.600;$1.046.400;-22%;$43.600;$1.046.400;-22%;$87.200;$1.166.400;-14%;$97.200;$1.349.990
Samsung Galaxy S25 FE 5G 128GB Jet Black;001.002.2964;En Oferta;$528.000;-34%;$22.000;$528.000;-34%;$22.000;$528.000;-34%;$44.000;$648.000;-19%;$54.000;$799.990
Samsung Galaxy S25 FE 5G 256GB Jet Black;001.002.2965;En Oferta;$616.800;-26%;$25.700;$616.800;-26%;$25.700;$616.800;-26%;$51.400;$736.800;-11%;$61.400;$829.990
Motorola Edge 70 Fusion 5G 256GB Gris;001.002.2966;En Oferta;$444.000;-11%;$18.500;$444.000;-11%;$18.500;$444.000;-11%;$37.000;$564.000;13%;$47.000;$499.990
Motorola Edge 70 Fusion 5G 256GB Celeste;001.002.2967;En Oferta;$444.000;-11%;$18.500;$444.000;-11%;$18.500;$444.000;-11%;$37.000;$564.000;13%;$47.000;$499.990
Motorola Edge 70 5G 512GB Gris;001.002.2968;En Oferta;$648.000;-19%;$27.000;$648.000;-19%;$27.000;$648.000;-19%;$54.000;$768.000;-4%;$64.000;$799.990
Motorola Signature 5G 1TB Gris;001.002.2969;En Oferta;$1.044.000;-25%;$43.500;$1.044.000;-25%;$43.500;$1.044.000;-25%;$87.000;$1.164.000;-17%;$97.000;$1.399.990
Motorola Edge 60 Pro 5G 512GB Madera;001.002.2970;En Oferta;$357.600;-55%;$14.900;$357.600;-55%;$14.900;$357.600;-55%;$29.800;$477.600;-40%;$39.800;$799.990
Samsung Galaxy S26 Ultra 5G 256GB Violet;001.002.2973;En Oferta;$1.173.600;-24%;$48.900;$1.173.600;-24%;$48.900;$1.173.600;-24%;$97.800;$1.293.600;-17%;$107.800;$1.549.990
Samsung Galaxy S25 FE 5G 256GB Dark Blue;001.002.2849;En Oferta;$616.800;-26%;$25.700;$616.800;-26%;$25.700;$616.800;-26%;$51.400;$736.800;-11%;$61.400;$829.990
Samsung Galaxy Z Fold 7 5G 256GB Blue;001.002.2963;Lanzamiento;$1.497.600;-32%;$62.400;$1.497.600;-32%;$62.400;$1.497.600;-32%;$124.800;$1.617.600;-26%;$134.800;$2.199.990
ZTE Nubia Neo 5 5G 256GB Black;001.002.2971;Lanzamiento;$266.400;-24%;$11.100;$266.400;-24%;$11.100;$266.400;-24%;$22.200;$302.400;-14%;$25.200;$349.990
ZTE Nubia Neo 5 5G 256GB Gold;001.002.2972;Lanzamiento;$266.400;-24%;$11.100;$266.400;-24%;$11.100;$266.400;-24%;$22.200;$302.400;-14%;$25.200;$349.990
ZTE Blade A76 5G 128GB Black;001.002.2974;Lanzamiento;$127.200;-20%;$5.300;$127.200;-20%;$5.300;$127.200;-20%;$10.600;$139.200;-13%;$11.600;$159.990